source_name,source_url,source_method,title,link,published_iso,summary,lang,country,lang_detected,lang_conf,lang_method,dedupe_reason,duplicate_of,shortlist_score,category,secondary_category,secondary_category_hint,_link_txt,combined_text,key_toks_title,most_debated_score_raw,reddit_matches,reddit_match_count,is_trump_story,most_debated_score,trump_exempt
AP News – Austria hub,https://apnews.com/hub/austria,sitemap,Venezuelan opposition activist María Corina Machado wins the Nobel Peace Prize,https://apnews.com/video/venezuelan-opposition-activist-maria-corina-machado-wins-the-nobel-peace-prize-c185ac15eeb54d808b973a38ff601a45,2025-10-10T12:07:31.323Z,"Opposition activist María Corina Machado of Venezuela won the Nobel Peace Prize on Friday. The former opposition presidential candidate in Venezuela was lauded for being a “key, unifying figure in a political opposition that was once deeply divided — an opposition that found common ground in the dem",en,AT,en,1.0,agree,,,1.5969076847438837,Politikk,,Økonomi,apnews com video venezuelan-opposition-activist-maria-corina-machado-wins-the-nobel-peace-prize-c185ac15eeb54d808b973a38ff601a45,"Venezuelan opposition activist María Corina Machado wins the Nobel Peace Prize. Opposition activist María Corina Machado of Venezuela won the Nobel Peace Prize on Friday. The former opposition presidential candidate in Venezuela was lauded for being a “key, unifying figure in a political opposition that was once deeply divided — an opposition that found common ground in the dem. apnews com video venezuelan-opposition-activist-maria-corina-machado-wins-the-nobel-peace-prize-c185ac15eeb54d808b973a38ff601a45","['venezuelan', 'activist', 'corina', 'machado', 'wins', 'opposition']",18.92749084772575,"[{""subreddit"": ""worldnews"", ""r_title"": ""Venezuela's Maria Corina Machado wins 2025 Nobel Peace Prize"", ""permalink"": ""https://www.reddit.com/r/worldnews/comments/1o2vy2d/venezuelas_maria_corina_machado_wins_2025_nobel/"", ""debate_score"": 40099, ""sim"": 0.659545882944089, ""decided_by"": ""tfidf_gate""}, {""subreddit"": ""news"", ""r_title"": ""Venezuelan opposition leader María Corina Machado wins Nobel Peace Prize"", ""permalink"": ""https://www.reddit.com/r/news/comments/1o31vqx/venezuelan_opposition_leader_maría_corina_machado/"", ""debate_score"": 1237, ""sim"": 0.7375689979346688, ""decided_by"": ""tfidf_gate""}]",2,False,18.92749084772575,False
AP News – Austria hub,https://apnews.com/hub/austria,sitemap,Judge tosses out Drake's defamation lawsuit against label over Kendrick Lamar's 'Not Like Us',https://apnews.com/video/judge-tosses-out-drakes-defamation-lawsuit-against-label-over-kendrick-lamars-not-like-us-46c01c8e5f9c4a0fa71b8a9378633434,2025-10-09T23:49:31.848Z,A defamation lawsuit that Drake brought against Universal Music Group was tossed out Thursday by a federal judge who said lyrics branding the superstar as a pedophile in Kendrick Lamar's dis track “Not Like Us” were opinion.,en,AT,en,0.99999999999885,agree,,,1.4035108633250846,USA,Meninger,Meninger,apnews com video judge-tosses-out-drakes-defamation-lawsuit-against-label-over-kendrick-lamars-not-like-us-46c01c8e5f9c4a0fa71b8a9378633434,Judge tosses out Drake's defamation lawsuit against label over Kendrick Lamar's 'Not Like Us'. A defamation lawsuit that Drake brought against Universal Music Group was tossed out Thursday by a federal judge who said lyrics branding the superstar as a pedophile in Kendrick Lamar's dis track “Not Like Us” were opinion.. apnews com video judge-tosses-out-drakes-defamation-lawsuit-against-label-over-kendrick-lamars-not-like-us-46c01c8e5f9c4a0fa71b8a9378633434,"['drake', 'kendrick', 'lamar', 'lawsuit', 'judge', 'against']",10.483529254725571,"[{""subreddit"": ""news"", ""r_title"": ""Drake's lawsuit over Kendrick Lamar diss track is dismissed"", ""permalink"": ""https://www.reddit.com/r/news/comments/1o30l04/drakes_lawsuit_over_kendrick_lamar_diss_track_is/"", ""debate_score"": 16873, ""sim"": 0.5803725808264539, ""decided_by"": ""nano_forced""}]",1,False,10.483529254725571,False
Politico Europe,https://www.politico.eu/,html,Latvia orders more than 800 Russian citizens to leave by mid-October,https://www.politico.eu/article/latvia-orders-800-russian-citizens-out-mid-october/,2025-10-10T13:35:57Z,Russian citizens who failed to comply with Riga’s new immigration rules must leave by Oct. 13 or risk deportation.,en,EU,en,0.9999999971212516,agree,,,1.2721274720470412,Politikk,,Økonomi,politico eu article latvia-orders-800-russian-citizens-out-mid-october,Latvia orders more than 800 Russian citizens to leave by mid-October. Russian citizens who failed to comply with Riga’s new immigration rules must leave by Oct. 13 or risk deportation.. politico eu article latvia-orders-800-russian-citizens-out-mid-october,"['latvia', 'orders', 'citizens', '800', 'leave', 'russian']",9.295780648268149,"[{""subreddit"": ""europe"", ""r_title"": ""Latvia orders more than 800 Russian citizens to leave by mid-October"", ""permalink"": ""https://www.reddit.com/r/europe/comments/1o32flj/latvia_orders_more_than_800_russian_citizens_to/"", ""debate_score"": 5144, ""sim"": 0.8453118591853996, ""decided_by"": ""tfidf_strict""}]",1,False,9.295780648268149,False
Euronews (EN),https://www.euronews.com/,html-enriched,Oscar-winning actress Diane Keaton dies at the age of 79 | Euronews,https://www.euronews.com/culture/2025/10/11/oscar-winning-actress-diane-keaton-dies-at-the-age-of-79,2025-10-11T19:45:28+00:00,"US Oscar-winning actress Diane Keaton, one of the best-loved film stars of the past 50 years, famed for her roles in ""Father of the Bride"" and ""First Wives Club,"" dies at the age of 79, US media reported, citing a family spokesperson.",en,EU,en,0.9999999999999782,agree,,,2.687389141901771,USA,Underholdning,Underholdning,euronews com culture 2025 10 11 oscar-winning-actress-diane-keaton-dies-at-the-age-of-79,"Oscar-winning actress Diane Keaton dies at the age of 79 | Euronews. US Oscar-winning actress Diane Keaton, one of the best-loved film stars of the past 50 years, famed for her roles in ""Father of the Bride"" and ""First Wives Club,"" dies at the age of 79, US media reported, citing a family spokesperson.. euronews com culture 2025 10 11 oscar-winning-actress-diane-keaton-dies-at-the-age-of-79","['actress', 'dies', 'diane', '79', 'keaton', 'age']",9.068498320504338,"[{""subreddit"": ""television"", ""r_title"": ""Actress Diane Keaton has died at the age of 79"", ""permalink"": ""https://www.reddit.com/r/television/comments/1o43rke/actress_diane_keaton_has_died_at_the_age_of_79/"", ""debate_score"": 4098, ""sim"": 0.6168127181434412, ""decided_by"": ""nano_forced""}]",1,False,9.068498320504338,False
Le Monde (EN),https://www.lemonde.fr/en/,sitemap,"Diane Keaton, actrice américaine oscarisée pour « Annie Hall », est morte à l’âge de 79 ans",https://www.lemonde.fr/disparitions/article/2025/10/11/diane-keaton-actrice-americaine-oscarisee-pour-annie-hall-est-morte-a-l-age-de-79-ans_6645793_3382.html,2025-10-11T21:34:52+02:00,"Diane Keaton avait obtenu son premier grand rôle dans « Le Parrain », de Coppola, avant de tourner plusieurs films avec Woody Allen.",en,FR,da,1.0,langid_confident,,,2.035005775069988,Politikk,,Økonomi,lemonde fr disparitions article 2025 10 11 diane-keaton-actrice-americaine-oscarisee-pour-annie-hall-est-morte-a-l-age-de-79-ans 6645793 3382 html,"Diane Keaton, actrice américaine oscarisée pour « Annie Hall », est morte à l’âge de 79 ans. Diane Keaton avait obtenu son premier grand rôle dans « Le Parrain », de Coppola, avant de tourner plusieurs films avec Woody Allen.. lemonde fr disparitions article 2025 10 11 diane-keaton-actrice-americaine-oscarisee-pour-annie-hall-est-morte-a-l-age-de-79-ans 6645793 3382 html","['annie', 'hall', 'ans', 'diane', '79', 'keaton']",8.204141078146678,"[{""subreddit"": ""news"", ""r_title"": ""Diane Keaton death: Oscar-winning Annie Hall star dies aged 79"", ""permalink"": ""https://www.reddit.com/r/news/comments/1o445gd/diane_keaton_death_oscarwinning_annie_hall_star/"", ""debate_score"": 1726, ""sim"": 0.4972550314540618, ""decided_by"": ""nano_forced""}]",1,False,8.204141078146678,False
AP News – Austria hub,https://apnews.com/hub/austria,sitemap,Florida's ‘Little Venezuela’ celebrates opposition leader Machado’s Nobel Peace Prize,https://apnews.com/video/floridas-little-venezuela-celebrates-opposition-leader-machados-nobel-peace-prize-1a478eee64bd46ce894c38f8eb1e61bf,2025-10-10T20:42:00.631Z,Florida's ‘Little Venezuela’ celebrates opposition leader Machado’s Nobel Peace Prize,en,AT,en,0.9999942272154057,langid_confident,,,1.0922102677054155,Meninger,,Økonomi,apnews com video floridas-little-venezuela-celebrates-opposition-leader-machados-nobel-peace-prize-1a478eee64bd46ce894c38f8eb1e61bf,Florida's ‘Little Venezuela’ celebrates opposition leader Machado’s Nobel Peace Prize. Florida's ‘Little Venezuela’ celebrates opposition leader Machado’s Nobel Peace Prize. apnews com video floridas-little-venezuela-celebrates-opposition-leader-machados-nobel-peace-prize-1a478eee64bd46ce894c38f8eb1e61bf,"['celebrates', 'florida', 'venezuela', 'machado', 'opposition', 'leader']",7.871252453244542,"[{""subreddit"": ""news"", ""r_title"": ""Venezuelan opposition leader María Corina Machado wins Nobel Peace Prize"", ""permalink"": ""https://www.reddit.com/r/news/comments/1o31vqx/venezuelan_opposition_leader_maría_corina_machado/"", ""debate_score"": 1237, ""sim"": 0.5531310595889192, ""decided_by"": ""nano_forced""}]",1,False,7.871252453244542,False
Helsinki Times (EN),https://www.helsinkitimes.fi/,html-enriched,María Corina Machado awarded Nobel Peace Prize - Helsinki Times,https://www.helsinkitimes.fi/world-int/28082-maria-corina-machado-awarded-nobel-peace-prize.html,2025-10-10T10:38:24+00:00,"María Corina Machado, the Venezuelan opposition leader, has received the 2025 Nobel Peace Prize for her long-standing work defending democratic principles in Venezuela. The Norwegian Nobel Committee announced the award in Oslo, citing her efforts to unify opposition groups, promote free elections, and push for a non-violent transition to democracy. “She is a woman who keeps the flame of democracy burning amidst a growing darkness,” said Jørgen Watne Frydnes, chair of the committee.",en,FI,en,1.0,agree,,,2.15064731643151,Politikk,Meninger,Meninger,helsinkitimes fi world-int 28082-maria-corina-machado-awarded-nobel-peace-prize html,"María Corina Machado awarded Nobel Peace Prize - Helsinki Times. María Corina Machado, the Venezuelan opposition leader, has received the 2025 Nobel Peace Prize for her long-standing work defending democratic principles in Venezuela. The Norwegian Nobel Committee announced the award in Oslo, citing her efforts to unify opposition groups, promote free elections, and push for a non-violent transition to democracy. “She is a woman who keeps the flame of democracy burning amidst a growing darkness,” said Jørgen Watne Frydnes, chair of the committee.. helsinkitimes fi world-int 28082-maria-corina-machado-awarded-nobel-peace-prize html","['awarded', 'corina', 'machado', 'helsinki', 'prize', 'nobel']",7.871252453244542,"[{""subreddit"": ""news"", ""r_title"": ""Venezuelan opposition leader María Corina Machado wins Nobel Peace Prize"", ""permalink"": ""https://www.reddit.com/r/news/comments/1o31vqx/venezuelan_opposition_leader_maría_corina_machado/"", ""debate_score"": 1237, ""sim"": 0.6145189023425807, ""decided_by"": ""nano_forced""}]",1,False,7.871252453244542,False
Politico Europe,https://www.politico.eu/,html,Nobel Peace Prize goes to Venezuelan opposition leader despite Trump lobbying,https://www.politico.eu/article/nobel-peace-prize-goes-to-venezuelan-opposition-leader-despite-trump-lobbying/,2025-10-10T09:08:27Z,"María Corina Machado won for her years spent “working for the freedom of the Venezuelan people,” according to the Nobel Committee chairman",en,EU,en,0.999999999998262,agree,,,1.3808199445530709,USA,Meninger,Meninger,politico eu article nobel-peace-prize-goes-to-venezuelan-opposition-leader-despite-trump-lobbying,"Nobel Peace Prize goes to Venezuelan opposition leader despite Trump lobbying. María Corina Machado won for her years spent “working for the freedom of the Venezuelan people,” according to the Nobel Committee chairman. politico eu article nobel-peace-prize-goes-to-venezuelan-opposition-leader-despite-trump-lobbying","['lobbying', 'venezuelan', 'goes', 'opposition', 'leader', 'prize']",7.871252453244542,"[{""subreddit"": ""news"", ""r_title"": ""Venezuelan opposition leader María Corina Machado wins Nobel Peace Prize"", ""permalink"": ""https://www.reddit.com/r/news/comments/1o31vqx/venezuelan_opposition_leader_maría_corina_machado/"", ""debate_score"": 1237, ""sim"": 0.6327118158452762, ""decided_by"": ""tfidf_gate""}]",1,True,7.871252453244542,True
ERR News (EN),https://news.err.ee/,html,PPA: Armed Russian groups seen in Saatse Boot,https://news.err.ee/1609827133/ppa-armed-russian-groups-seen-in-saatse-boot,2025-10-11T19:34:00+0300,"A group of armed Russian soldiers was seen standing in Saatse Boot in south Estonia, a stretch of Russian territory that Estonians can drive through, which the Police and Border Guard Board (PPA) temporarily closed on Friday. The interior minister said the latest information suggests they have now left the area.",en,EE,en,1.0,agree,,,1.9465708333295528,Politikk,,Økonomi,news err ee 1609827133 ppa-armed-russian-groups-seen-in-saatse-boot,"PPA: Armed Russian groups seen in Saatse Boot. A group of armed Russian soldiers was seen standing in Saatse Boot in south Estonia, a stretch of Russian territory that Estonians can drive through, which the Police and Border Guard Board (PPA) temporarily closed on Friday. The interior minister said the latest information suggests they have now left the area.. news err ee 1609827133 ppa-armed-russian-groups-seen-in-saatse-boot","['saatse', 'boot', 'ppa', 'armed', 'groups', 'seen']",6.053304908059076,"[{""subreddit"": ""europe"", ""r_title"": ""PPA: Armed Russian groups seen in Saatse Boot"", ""permalink"": ""https://www.reddit.com/r/europe/comments/1o4420o/ppa_armed_russian_groups_seen_in_saatse_boot/"", ""debate_score"": 200, ""sim"": 0.8136324628271961, ""decided_by"": ""tfidf_strict""}]",1,False,6.053304908059076,False
Daily Finland (EN),https://www.dailyfinland.fi/,html-enriched,6 killed in earthquake off southern Philippines,https://www.dailyfinland.fi/worldwide/45660/6-killed-in-earthquake-off-southern-Philippines,,"A magnitude 7.4 earthquake struck off the coast of Davao Oriental province in the southern Philippines on Monday morning, killing",en,FI,en,0.99999954224147,agree,,,1.31625,Politikk,,Økonomi,dailyfinland fi worldwide 45660 6-killed-in-earthquake-off-southern-philippines,"6 killed in earthquake off southern Philippines. A magnitude 7.4 earthquake struck off the coast of Davao Oriental province in the southern Philippines on Monday morning, killing. dailyfinland fi worldwide 45660 6-killed-in-earthquake-off-southern-philippines","['earthquake', 'philippines', 'southern', 'killed', 'off']",6.012690188904886,"[{""subreddit"": ""news"", ""r_title"": ""Tsunami threat widens to parts of Indonesia and Palau after earthquake off southern Philippines"", ""permalink"": ""https://www.reddit.com/r/news/comments/1o31nvu/tsunami_threat_widens_to_parts_of_indonesia_and/"", ""debate_score"": 192, ""sim"": 0.524837489646005, ""decided_by"": ""nano_forced""}]",1,False,6.012690188904886,False
Euronews (EN),https://www.euronews.com/,html-enriched,"Tango dancing, painting and gaming can help slow brain ageing, new study finds | Euronews",https://www.euronews.com/health/2025/10/07/tango-dancing-painting-and-gaming-can-help-slow-brain-ageing-new-study-finds,2025-10-07T05:02:25+00:00,"Using machine-learning “brain clocks"", researchers showed that creative engagement can preserve functional connectivity in brain regions most vulnerable to decline.",en,EU,en,0.9999999675818938,agree,,,1.627738238662816,Vitenskap,,Økonomi,euronews com health 2025 10 07 tango-dancing-painting-and-gaming-can-help-slow-brain-ageing-new-study-finds,"Tango dancing, painting and gaming can help slow brain ageing, new study finds | Euronews. Using machine-learning “brain clocks"", researchers showed that creative engagement can preserve functional connectivity in brain regions most vulnerable to decline.. euronews com health 2025 10 07 tango-dancing-painting-and-gaming-can-help-slow-brain-ageing-new-study-finds","['dancing', 'painting', 'ageing', 'gaming', 'slow', 'brain']",4.183987204485146,"[{""subreddit"": ""Health"", ""r_title"": ""Creative pursuits can help slow brain ageing, new research reveals"", ""permalink"": ""https://www.reddit.com/r/Health/comments/1o083xv/creative_pursuits_can_help_slow_brain_ageing_new/"", ""debate_score"": 30, ""sim"": 0.5719424119719912, ""decided_by"": ""nano_forced""}]",1,False,4.183987204485146,False
Euronews (EN),https://www.euronews.com/,html-enriched,'Not up for discussion': Brussels rejects Washington's pressure on climate rules | Euronews,https://www.euronews.com/business/2025/10/09/not-up-for-discussion-brussels-rejects-washingtons-pressure-on-climate-rules,2025-10-09T16:09:45+00:00,"In response to US demands to roll back the EU's environmental legislation, the European Commission defended its autonomous power to adopt laws.",en,EU,en,0.999999984926513,agree,,,1.5947935727342974,USA,Teknologi,Teknologi,euronews com business 2025 10 09 not-up-for-discussion-brussels-rejects-washingtons-pressure-on-climate-rules,"'Not up for discussion': Brussels rejects Washington's pressure on climate rules | Euronews. In response to US demands to roll back the EU's environmental legislation, the European Commission defended its autonomous power to adopt laws.. euronews com business 2025 10 09 not-up-for-discussion-brussels-rejects-washingtons-pressure-on-climate-rules","['discussion', 'rejects', 'washington', 'pressure', 'rules', 'brussels']",3.794522437723423,"[{""subreddit"": ""climate"", ""r_title"": ""Brussels rejects Washington's pressure on climate rules. In response to US demands to roll back the EU's environmental legislation, the European Commission defended its autonomous power to adopt laws. “Our laws, our European regulatory authority, is not up for discussion”"", ""permalink"": ""https://www.reddit.com/r/climate/comments/1o2x2ca/brussels_rejects_washingtons_pressure_on_climate/"", ""debate_score"": 20, ""sim"": 0.8579301423229057, ""decided_by"": ""tfidf_strict""}]",1,False,3.794522437723423,False
AP News – Austria hub,https://apnews.com/hub/austria,sitemap,Stocks tumble in Wall Street’s worst day since April after Trump threatens more tariffs on China,https://apnews.com/video/stocks-tumble-in-wall-streets-worst-day-since-april-after-trump-threatens-more-tariffs-on-china-5afa10077536406883ad3fd271ee198a,2025-10-10T20:21:02.438Z,"The S&P 500 sank 2.7% Friday in its worst day since April. The Dow Jones Industrial Average dropped 1.9%, and the Nasdaq composite lost 3.6%.",en,AT,en,0.9999999970157654,agree,,,1.2311152134257617,USA,,Økonomi,apnews com video stocks-tumble-in-wall-streets-worst-day-since-april-after-trump-threatens-more-tariffs-on-china-5afa10077536406883ad3fd271ee198a,"Stocks tumble in Wall Street’s worst day since April after Trump threatens more tariffs on China. The S&P 500 sank 2.7% Friday in its worst day since April. The Dow Jones Industrial Average dropped 1.9%, and the Nasdaq composite lost 3.6%.. apnews com video stocks-tumble-in-wall-streets-worst-day-since-april-after-trump-threatens-more-tariffs-on-china-5afa10077536406883ad3fd271ee198a","['stocks', 'wall', 'street', 'worst', 'april', 'threatens']",7.670671504248683,"[{""subreddit"": ""Economics"", ""r_title"": ""US stocks drop toward worst day since April after Trump threatens more tariffs on China"", ""permalink"": ""https://www.reddit.com/r/Economics/comments/1o38qlr/us_stocks_drop_toward_worst_day_since_april_after/"", ""debate_score"": 1012, ""sim"": 0.8299304421818612, ""decided_by"": ""tfidf_strict""}]",1,True,1.5341343008497368,False
Politico Europe,https://www.politico.eu/,html,Trump’s trade war has India hugging Britain close,https://www.politico.eu/article/donald-trump-trade-war-india-britain-tariffs-keir-starmer-narendra-modi/,2025-10-09T19:30:57Z,The U.S. president’s second stint in office is binding the two countries together — and prompting London to look the other way on contentious issues.,en,EU,en,0.999999932624221,agree,,,1.2185310361821402,USA,Politikk,Politikk,politico eu article donald-trump-trade-war-india-britain-tariffs-keir-starmer-narendra-modi,Trump’s trade war has India hugging Britain close. The U.S. president’s second stint in office is binding the two countries together — and prompting London to look the other way on contentious issues.. politico eu article donald-trump-trade-war-india-britain-tariffs-keir-starmer-narendra-modi,"['hugging', 'close', 'britain', 'india', 'trade', 'trump']",4.55666248977032,"[{""subreddit"": ""geopolitics"", ""r_title"": ""Trump’s trade war has India hugging Britain close"", ""permalink"": ""https://www.reddit.com/r/geopolitics/comments/1o35ogn/trumps_trade_war_has_india_hugging_britain_close/"", ""debate_score"": 44, ""sim"": 0.652629958059938, ""decided_by"": ""tfidf_gate""}]",1,True,0.911332497954064,False
AP News – Austria hub,https://apnews.com/hub/austria,sitemap,Trump says officials should be jailed as they oppose his use of National Guard troops,https://apnews.com/live/donald-trump-news-updates-10-8-2025,"October 8, 2025 08:10 AM","President Donald Trump on Wednesday said Illinois Governor JB Pritzker and Chicago Mayor Brandon Johnson, both Democrats, should be jailed as they oppose his deployment of National Guard troops to Chicago.",en,AT,en,0.9999999999999648,agree,,,1.3358578337930365,USA,Politikk,Politikk,apnews com live donald-trump-news-updates-10-8-2025,"Trump says officials should be jailed as they oppose his use of National Guard troops. President Donald Trump on Wednesday said Illinois Governor JB Pritzker and Chicago Mayor Brandon Johnson, both Democrats, should be jailed as they oppose his deployment of National Guard troops to Chicago.. apnews com live donald-trump-news-updates-10-8-2025","['oppose', 'jailed', 'troops', 'guard', 'officials', 'should']",3.052585092994046,"[{""subreddit"": ""usanews"", ""r_title"": ""Trump says Illinois governor and Chicago mayor should be jailed as they oppose Guard deployment"", ""permalink"": ""https://www.reddit.com/r/usanews/comments/1o1sfio/trump_says_illinois_governor_and_chicago_mayor/"", ""debate_score"": 9, ""sim"": 0.6008387121870788, ""decided_by"": ""nano_forced""}]",1,True,0.6105170185988092,False
AP News – Austria hub,https://apnews.com/hub/austria,sitemap,New York Attorney General Letitia James indicted on fraud charge after Trump's urging,https://apnews.com/live/donald-trump-news-updates-10-9-2025,"October 9, 2025 07:48 AM",New York Attorney General Letitia James was indicted Thursday on mortgage fraud charges in a case that President Donald Trump urged his Justice Department to bring after he vowed retribution on his biggest political enemies.,en,AT,en,0.9999999990437676,agree,,,1.3922627243461498,USA,Politikk,Politikk,apnews com live donald-trump-news-updates-10-9-2025,New York Attorney General Letitia James indicted on fraud charge after Trump's urging. New York Attorney General Letitia James was indicted Thursday on mortgage fraud charges in a case that President Donald Trump urged his Justice Department to bring after he vowed retribution on his biggest political enemies.. apnews com live donald-trump-news-updates-10-9-2025,"['urging', 'attorney', 'indicted', 'fraud', 'letitia', 'charge']",2.9472245773362196,"[{""subreddit"": ""usanews"", ""r_title"": ""Letitia James, the New York attorney general who defeated Trump in court, indicted by Justice Department"", ""permalink"": ""https://www.reddit.com/r/usanews/comments/1o2hqg5/letitia_james_the_new_york_attorney_general_who/"", ""debate_score"": 8, ""sim"": 0.5993029259855049, ""decided_by"": ""nano_forced""}]",1,True,0.589444915467244,False
